model,train_start,train_end,test_start,test_end,mae,rmse
linear_regression,1985,2014,2015,2021,19.8130243579871,61.893625176959105
xgboost,1985,2014,2015,2021,4.538659649670797,6.996679063022742
